result_set,agent,run_idx,slot,slot_group,snr_penalty_db,train_pr,stats_file,sender_count,received_unique_packets,expected_packets_observed_span,mlr,delay_count,delay_mean_ms,delay_median_ms,delay_p95_ms,delay_p99_ms,delay_max_ms,sim_time_min,sim_time_max
MPLight-Run1-results-20260610_072117,mplight,1,1,1,0,0.1,/home/exx/Desktop/vtc2026/omnet_files/OMNeT_results/MPLight-Run1-results-20260610_072117/Slot1/stats.csv,839,2225454,2282034,0.0247936709093729,2225454,250.39476138407858,13.0154548,750.0015188,3387.01477676,90235.0012508,1.0170009828,899.9900103628
MPLight-Run1-results-20260610_072117,mplight,1,10,4,15,0.5,/home/exx/Desktop/vtc2026/omnet_files/OMNeT_results/MPLight-Run1-results-20260610_072117/Slot10/stats.csv,826,1623050,1991201,0.18488891879825287,1623050,7149.098014288341,594.0011168,30853.555243999814,115638.51111412002,368472.0012508,1.0230009828,899.9940023228
MPLight-Run1-results-20260610_072117,mplight,1,11,5,20,0.5,/home/exx/Desktop/vtc2026/omnet_files/OMNeT_results/MPLight-Run1-results-20260610_072117/Slot11/stats.csv,815,1268872,1793536,0.29253050956323157,1268872,10691.895290389384,1559.0019207999999,44962.45225579996,114916.87244340012,540270.0012508,5.0290009828,899.9880025908
MPLight-Run1-results-20260610_072117,mplight,1,12,6,25,0.5,/home/exx/Desktop/vtc2026/omnet_files/OMNeT_results/MPLight-Run1-results-20260610_072117/Slot12/stats.csv,781,930068,1495687,0.37816668861867486,930068,23426.074355379977,4851.0028588,116504.31269439982,213214.33630440795,473448.0009828,25.0110009828,899.9830009828
MPLight-Run1-results-20260610_072117,mplight,1,13,1,0,1.0,/home/exx/Desktop/vtc2026/omnet_files/OMNeT_results/MPLight-Run1-results-20260610_072117/Slot13/stats.csv,839,2141200,2210525,0.0313613281912668,2141200,475.4746374098991,14.0025908,1036.0017868,5424.005557559999,219299.0012508,1.0170009828,899.9970103628
MPLight-Run1-results-20260610_072117,mplight,1,14,2,5,1.0,/home/exx/Desktop/vtc2026/omnet_files/OMNeT_results/MPLight-Run1-results-20260610_072117/Slot14/stats.csv,838,2067757,2171185,0.047636659243684876,2067757,1741.1613171149065,15.0068788,4329.0047348,45310.45071655995,260728.0012508,1.0230009828,899.9890138468
MPLight-Run1-results-20260610_072117,mplight,1,15,3,10,1.0,/home/exx/Desktop/vtc2026/omnet_files/OMNeT_results/MPLight-Run1-results-20260610_072117/Slot15/stats.csv,835,1894924,2133284,0.11173383384490765,1894924,6116.554590653644,42.0181348,22176.0066376,147506.08248896006,327032.0020548,1.0230009828,899.9940074148
MPLight-Run1-results-20260610_072117,mplight,1,16,4,15,1.0,/home/exx/Desktop/vtc2026/omnet_files/OMNeT_results/MPLight-Run1-results-20260610_072117/Slot16/stats.csv,828,1634463,2008794,0.18634613603983285,1634463,8910.251006273778,559.0063428,37059.017330799994,172524.7712525598,385421.0012508,1.0230009828,899.9980009828
MPLight-Run1-results-20260610_072117,mplight,1,17,5,20,1.0,/home/exx/Desktop/vtc2026/omnet_files/OMNeT_results/MPLight-Run1-results-20260610_072117/Slot17/stats.csv,810,1277265,1826650,0.30076095584813733,1277265,14653.72572954187,1751.0015188,63392.0021084,200488.12264440174,556350.0012508,5.0290009828,899.9950028588
MPLight-Run1-results-20260610_072117,mplight,1,18,6,25,1.0,/home/exx/Desktop/vtc2026/omnet_files/OMNeT_results/MPLight-Run1-results-20260610_072117/Slot18/stats.csv,779,912040,1403751,0.35028363292350284,912040,26097.537881940705,4297.5133108,122246.07135079993,369032.8955169759,660012.0015188,25.0110009828,899.9910015188
MPLight-Run1-results-20260610_072117,mplight,1,2,2,5,0.1,/home/exx/Desktop/vtc2026/omnet_files/OMNeT_results/MPLight-Run1-results-20260610_072117/Slot2/stats.csv,839,2183949,2295196,0.04846949890118313,2183949,780.1186861351629,14.0052708,2818.0081116,12442.00415592,181104.0017868,1.0230009828,899.9980103628
MPLight-Run1-results-20260610_072117,mplight,1,3,3,10,0.1,/home/exx/Desktop/vtc2026/omnet_files/OMNeT_results/MPLight-Run1-results-20260610_072117/Slot3/stats.csv,833,2029438,2231882,0.09070551220897882,2029438,4049.0081692559665,20.0106308,16552.16552179991,92415.26770423977,282008.0012508,1.0230009828,899.9990052708
MPLight-Run1-results-20260610_072117,mplight,1,4,4,15,0.1,/home/exx/Desktop/vtc2026/omnet_files/OMNeT_results/MPLight-Run1-results-20260610_072117/Slot4/stats.csv,827,1710455,2102115,0.1863171139542794,1710455,9019.02559085199,432.0047348,41285.002832,147629.38494919988,419894.0012508,1.0230009828,899.9940020548
MPLight-Run1-results-20260610_072117,mplight,1,5,5,20,0.1,/home/exx/Desktop/vtc2026/omnet_files/OMNeT_results/MPLight-Run1-results-20260610_072117/Slot5/stats.csv,813,1353046,1982695,0.317572294276225,1353046,13964.978306212812,1719.0047348,61572.0062088,182968.9583528004,462905.0009828,5.0290009828,899.9860060748
MPLight-Run1-results-20260610_072117,mplight,1,6,6,25,0.1,/home/exx/Desktop/vtc2026/omnet_files/OMNeT_results/MPLight-Run1-results-20260610_072117/Slot6/stats.csv,783,1002986,1641451,0.38896378874544535,1002986,19350.918053312012,4426.0023948,74824.0041318,216447.4555790001,520804.0012508,25.0110009828,899.9990012508
MPLight-Run1-results-20260610_072117,mplight,1,7,1,0,0.5,/home/exx/Desktop/vtc2026/omnet_files/OMNeT_results/MPLight-Run1-results-20260610_072117/Slot7/stats.csv,839,2120600,2183840,0.028958165433365046,2120600,518.162815682202,14.0023228,987.0023362,5423.006675119998,289851.0012508,1.0170009828,899.9880079508
MPLight-Run1-results-20260610_072117,mplight,1,8,2,5,0.5,/home/exx/Desktop/vtc2026/omnet_files/OMNeT_results/MPLight-Run1-results-20260610_072117/Slot8/stats.csv,838,2054663,2163462,0.05028930482717053,2054663,1327.0220653980252,15.0047348,3948.00578,26818.38972495989,257039.0020548,1.0230009828,899.9980221548
MPLight-Run1-results-20260610_072117,mplight,1,9,3,10,0.5,/home/exx/Desktop/vtc2026/omnet_files/OMNeT_results/MPLight-Run1-results-20260610_072117/Slot9/stats.csv,835,1899911,2129896,0.10797945063984349,1899911,4298.577909985086,43.0186708,16732.0024568,92972.0134716,298122.0012508,1.0230009828,899.9990119708
MPLight-Run2-results-20260610_210721,mplight,2,1,1,0,0.1,/home/exx/Desktop/vtc2026/omnet_files/OMNeT_results/MPLight-Run2-results-20260610_210721/Slot1/stats.csv,838,2317140,2368598,0.02172508800564721,2317140,267.4968642086631,13.0068788,603.0079775999999,3414.0135734399996,123381.0135788,1.0150009828,899.9900028588
MPLight-Run2-results-20260610_210721,mplight,2,10,4,15,0.5,/home/exx/Desktop/vtc2026/omnet_files/OMNeT_results/MPLight-Run2-results-20260610_210721/Slot10/stats.csv,824,1644351,2040620,0.19419049112524622,1644351,8395.72662176772,664.0159908,34259.00232280001,143829.0025908,484020.0015188,1.0210009828,899.9990052708
MPLight-Run2-results-20260610_210721,mplight,2,11,5,20,0.5,/home/exx/Desktop/vtc2026/omnet_files/OMNeT_results/MPLight-Run2-results-20260610_210721/Slot11/stats.csv,809,1312632,1889709,0.3053787646669408,1312632,11986.906087607525,1626.0044668,50415.45502959995,148930.39238619988,371289.0009828,3.0670009828,899.9920031268
MPLight-Run2-results-20260610_210721,mplight,2,12,6,25,0.5,/home/exx/Desktop/vtc2026/omnet_files/OMNeT_results/MPLight-Run2-results-20260610_210721/Slot12/stats.csv,787,1012223,1645319,0.38478617216478994,1012223,19446.44557543159,4837.0189388,72206.90154559992,209578.68677160016,513045.0015188,14.0640009828,899.9880012508
MPLight-Run2-results-20260610_210721,mplight,2,13,1,0,1.0,/home/exx/Desktop/vtc2026/omnet_files/OMNeT_results/MPLight-Run2-results-20260610_210721/Slot13/stats.csv,839,2138569,2200717,0.028239887273102338,2138569,499.4937631411893,14.0025908,1018.0090228000001,4896.329891119834,277504.0012508,1.0150009828,899.9880095588
MPLight-Run2-results-20260610_210721,mplight,2,14,2,5,1.0,/home/exx/Desktop/vtc2026/omnet_files/OMNeT_results/MPLight-Run2-results-20260610_210721/Slot14/stats.csv,840,2063456,2183088,0.054799440059218885,2063456,1275.8346549688654,15.0213508,4130.0039308,24925.35551199986,243753.0017868,1.0150009828,899.9870063428
MPLight-Run2-results-20260610_210721,mplight,2,15,3,10,1.0,/home/exx/Desktop/vtc2026/omnet_files/OMNeT_results/MPLight-Run2-results-20260610_210721/Slot15/stats.csv,834,1913626,2116165,0.09571040065401326,1913626,3573.733231873729,40.0020548,13617.0040648,70503.0030598,397739.0012508,1.0210009828,899.9670012508
MPLight-Run2-results-20260610_210721,mplight,2,16,4,15,1.0,/home/exx/Desktop/vtc2026/omnet_files/OMNeT_results/MPLight-Run2-results-20260610_210721/Slot16/stats.csv,821,1658270,2036467,0.18571231451332137,1658270,10934.03785069846,707.0012508,63493.554252399816,170867.93474552018,349956.0020548,1.0210009828,899.9980125068
MPLight-Run2-results-20260610_210721,mplight,2,17,5,20,1.0,/home/exx/Desktop/vtc2026/omnet_files/OMNeT_results/MPLight-Run2-results-20260610_210721/Slot17/stats.csv,810,1252436,1769771,0.2923174806231993,1252436,13904.076190791597,1455.0025908,69565.0029928,190633.0021218,401859.0012508,3.0670009828,899.9980017868
MPLight-Run2-results-20260610_210721,mplight,2,18,6,25,1.0,/home/exx/Desktop/vtc2026/omnet_files/OMNeT_results/MPLight-Run2-results-20260610_210721/Slot18/stats.csv,787,817998,1282674,0.36227131757562714,817998,20430.501778626287,4224.0036628,82626.001827,237840.0915590001,613206.0012508,14.0640009828,899.9890031268
MPLight-Run2-results-20260610_210721,mplight,2,2,2,5,0.1,/home/exx/Desktop/vtc2026/omnet_files/OMNeT_results/MPLight-Run2-results-20260610_210721/Slot2/stats.csv,837,2242795,2341830,0.042289576954774644,2242795,1219.4747829161238,14.0020548,3261.0141148,27745.085210000056,288912.0100948,1.0150009828,899.9990009828
MPLight-Run2-results-20260610_210721,mplight,2,3,3,10,0.1,/home/exx/Desktop/vtc2026/omnet_files/OMNeT_results/MPLight-Run2-results-20260610_210721/Slot3/stats.csv,834,2007345,2188755,0.08288273470534624,2007345,2771.8176872548097,17.0028588,12072.0143828,58037.56963384006,287378.0033948,1.0210009828,899.9960017868
MPLight-Run2-results-20260610_210721,mplight,2,4,4,15,0.1,/home/exx/Desktop/vtc2026/omnet_files/OMNeT_results/MPLight-Run2-results-20260610_210721/Slot4/stats.csv,815,1775440,2122836,0.1636471211153382,1775440,7693.10124094935,105.0098268,36854.006583999995,128821.8337673196,386543.0012508,1.0210009828,899.9990100948
MPLight-Run2-results-20260610_210721,mplight,2,5,5,20,0.1,/home/exx/Desktop/vtc2026/omnet_files/OMNeT_results/MPLight-Run2-results-20260610_210721/Slot5/stats.csv,812,1404093,1933933,0.2739701944172833,1404093,10528.256415967602,1074.0020548,46949.0009828,115536.24331976022,372481.0012508,3.0670009828,899.9960033948
MPLight-Run2-results-20260610_210721,mplight,2,6,6,25,0.1,/home/exx/Desktop/vtc2026/omnet_files/OMNeT_results/MPLight-Run2-results-20260610_210721/Slot6/stats.csv,786,1048758,1684041,0.37723725253720075,1048758,17675.491123957177,4428.0098268,70253.002028,154663.86885127987,555309.0009828,14.0640009828,899.9980015188
MPLight-Run2-results-20260610_210721,mplight,2,7,1,0,0.5,/home/exx/Desktop/vtc2026/omnet_files/OMNeT_results/MPLight-Run2-results-20260610_210721/Slot7/stats.csv,840,2129638,2191114,0.028056960979666035,2129638,357.08427822909584,14.0023228,927.0025908,4216.63571299989,181327.0009828,1.0150009828,899.9990178668
MPLight-Run2-results-20260610_210721,mplight,2,8,2,5,0.5,/home/exx/Desktop/vtc2026/omnet_files/OMNeT_results/MPLight-Run2-results-20260610_210721/Slot8/stats.csv,838,2071999,2186238,0.052253688756667804,2071999,1410.4876813635626,15.0154548,4264.0098804,25969.063373360055,277035.0012508,1.0150009828,899.9880130428
MPLight-Run2-results-20260610_210721,mplight,2,9,3,10,0.5,/home/exx/Desktop/vtc2026/omnet_files/OMNeT_results/MPLight-Run2-results-20260610_210721/Slot9/stats.csv,833,1917223,2153540,0.10973420507629295,1917223,5522.951462660586,51.0041988,20015.90628919991,130236.00483128,298812.0012508,1.0210009828,899.9980119708
MPLight-Run3-results-20260611_082235,mplight,3,1,1,0,0.1,/home/exx/Desktop/vtc2026/omnet_files/OMNeT_results/MPLight-Run3-results-20260611_082235/Slot1/stats.csv,840,2241781,2298911,0.024850896794177735,2241781,232.39002383546315,13.0135788,698.0066108,2727.0074148,302955.0012508,1.0150009828,899.9990020548
MPLight-Run3-results-20260611_082235,mplight,3,10,4,15,0.5,/home/exx/Desktop/vtc2026/omnet_files/OMNeT_results/MPLight-Run3-results-20260611_082235/Slot10/stats.csv,824,1651104,2047957,0.19377994752819516,1651104,9081.592758877856,608.0113008,41365.0074282,163230.97884859997,424548.0017868,1.0240009828,899.9960036628
MPLight-Run3-results-20260611_082235,mplight,3,11,5,20,0.5,/home/exx/Desktop/vtc2026/omnet_files/OMNeT_results/MPLight-Run3-results-20260611_082235/Slot11/stats.csv,813,1269861,1807855,0.2975869193049221,1269861,12767.120642887536,1658.0017868,54461.0023228,171344.60580679966,468897.0009828,13.0230009828,899.9910025908
MPLight-Run3-results-20260611_082235,mplight,3,12,6,25,0.5,/home/exx/Desktop/vtc2026/omnet_files/OMNeT_results/MPLight-Run3-results-20260611_082235/Slot12/stats.csv,782,935870,1437603,0.3490066450890823,935870,38394.08607930115,5506.0009828,239017.56756135996,418302.4854557195,584730.0012508,34.0230009828,899.9990036628
MPLight-Run3-results-20260611_082235,mplight,3,13,1,0,1.0,/home/exx/Desktop/vtc2026/omnet_files/OMNeT_results/MPLight-Run3-results-20260611_082235/Slot13/stats.csv,839,2125772,2188229,0.028542259516714186,2125772,369.99484341989114,14.0025908,1021.0035154,4629.01147768,160213.0012508,1.0150009828,899.9750079508
MPLight-Run3-results-20260611_082235,mplight,3,14,2,5,1.0,/home/exx/Desktop/vtc2026/omnet_files/OMNeT_results/MPLight-Run3-results-20260611_082235/Slot14/stats.csv,837,2069270,2184357,0.05268690053869396,2069270,1458.895506005795,15.0358228,4436.0068788,31847.01031188,238423.0020548,1.0150009828,899.9750146508
MPLight-Run3-results-20260611_082235,mplight,3,15,3,10,1.0,/home/exx/Desktop/vtc2026/omnet_files/OMNeT_results/MPLight-Run3-results-20260611_082235/Slot15/stats.csv,832,1908824,2123057,0.10090779475068268,1908824,4299.680793213944,42.0020548,15833.003542199998,94818.32075944004,273603.0020548,1.0240009828,899.9860082188
MPLight-Run3-results-20260611_082235,mplight,3,16,4,15,1.0,/home/exx/Desktop/vtc2026/omnet_files/OMNeT_results/MPLight-Run3-results-20260611_082235/Slot16/stats.csv,826,1662198,2031767,0.1818953649704912,1662198,12302.545523843977,739.0009828,66641.30261759981,210042.18830724017,420556.0012508,1.0240009828,899.9970028588
MPLight-Run3-results-20260611_082235,mplight,3,17,5,20,1.0,/home/exx/Desktop/vtc2026/omnet_files/OMNeT_results/MPLight-Run3-results-20260611_082235/Slot17/stats.csv,808,1298067,1864882,0.30394148262463794,1298067,17054.88191314055,1774.0017868,92519.72234239995,231486.3881705606,476000.0012508,13.0230009828,899.9930012508
MPLight-Run3-results-20260611_082235,mplight,3,18,6,25,1.0,/home/exx/Desktop/vtc2026/omnet_files/OMNeT_results/MPLight-Run3-results-20260611_082235/Slot18/stats.csv,780,969908,1471648,0.34093750679510315,969908,42648.56901681358,6682.5066108,255217.95800439973,439432.53458471864,649140.0017868,34.0230009828,899.9780017868
MPLight-Run3-results-20260611_082235,mplight,3,2,2,5,0.1,/home/exx/Desktop/vtc2026/omnet_files/OMNeT_results/MPLight-Run3-results-20260611_082235/Slot2/stats.csv,839,2103897,2211681,0.04873397203303731,2103897,1217.775894430958,14.0119708,3519.0174915999996,24181.045077840037,196542.0009828,1.0150009828,899.9930020548
MPLight-Run3-results-20260611_082235,mplight,3,3,3,10,0.1,/home/exx/Desktop/vtc2026/omnet_files/OMNeT_results/MPLight-Run3-results-20260611_082235/Slot3/stats.csv,833,1993722,2199309,0.09347799695267922,1993722,3019.647659284305,27.0039308,14216.006382999998,53098.794054080034,225499.0023228,1.0240009828,899.9950076828
MPLight-Run3-results-20260611_082235,mplight,3,4,4,15,0.1,/home/exx/Desktop/vtc2026/omnet_files/OMNeT_results/MPLight-Run3-results-20260611_082235/Slot4/stats.csv,824,1674161,2050428,0.18350656545852861,1674161,6606.575816479072,579.0047348,29427.0033948,84638.0027515986,332003.0012508,1.0240009828,899.9910017868
MPLight-Run3-results-20260611_082235,mplight,3,5,5,20,0.1,/home/exx/Desktop/vtc2026/omnet_files/OMNeT_results/MPLight-Run3-results-20260611_082235/Slot5/stats.csv,812,1326200,1901330,0.3024882582192465,1326200,9980.238346218384,1629.0012508,43924.063083000045,88134.04886376004,319583.0015188,13.0230009828,899.9900017868
MPLight-Run3-results-20260611_082235,mplight,3,6,6,25,0.1,/home/exx/Desktop/vtc2026/omnet_files/OMNeT_results/MPLight-Run3-results-20260611_082235/Slot6/stats.csv,787,998789,1655378,0.39663992151641503,998789,14177.222469402928,4168.0009828,54880.20747335996,87153.121018416,304081.0012508,34.0230009828,899.9960017868
MPLight-Run3-results-20260611_082235,mplight,3,7,1,0,0.5,/home/exx/Desktop/vtc2026/omnet_files/OMNeT_results/MPLight-Run3-results-20260611_082235/Slot7/stats.csv,840,2132622,2196083,0.0288973595260289,2132622,373.8525846087511,14.0020548,972.0033948,4574.798518960038,139406.0017868,1.0150009828,899.9870015188
MPLight-Run3-results-20260611_082235,mplight,3,8,2,5,0.5,/home/exx/Desktop/vtc2026/omnet_files/OMNeT_results/MPLight-Run3-results-20260611_082235/Slot8/stats.csv,837,2074852,2192433,0.05363037319726527,2074852,1384.3680166276527,15.0084868,4135.0129891999995,28533.501215039993,236164.0012508,1.0150009828,899.9960092908
MPLight-Run3-results-20260611_082235,mplight,3,9,3,10,0.5,/home/exx/Desktop/vtc2026/omnet_files/OMNeT_results/MPLight-Run3-results-20260611_082235/Slot9/stats.csv,834,1914015,2139360,0.10533290329818268,1914015,4975.204282778122,43.0028588,18443.306128399818,108146.72362527973,435399.0009828,1.0240009828,899.9990090228
MPLight-Run4-results-20260612_070927,mplight,4,1,1,0,0.1,/home/exx/Desktop/vtc2026/omnet_files/OMNeT_results/MPLight-Run4-results-20260612_070927/Slot1/stats.csv,840,2328035,2380807,0.02216559343113489,2328035,180.7696633242244,13.0052708,442.00473480000005,1945.02072368,195399.0066108,1.0150009828,899.9940208148
MPLight-Run4-results-20260612_070927,mplight,4,10,4,15,0.5,/home/exx/Desktop/vtc2026/omnet_files/OMNeT_results/MPLight-Run4-results-20260612_070927/Slot10/stats.csv,826,1653972,2044239,0.1909106518366982,1653972,9299.345538578404,631.0025908,47964.010603999996,146455.58944892007,438434.0012508,1.0290009828,899.9990165268
MPLight-Run4-results-20260612_070927,mplight,4,11,5,20,0.5,/home/exx/Desktop/vtc2026/omnet_files/OMNeT_results/MPLight-Run4-results-20260612_070927/Slot11/stats.csv,809,1226123,1750440,0.2995344027787299,1226123,13025.06181927585,1614.0055388,57887.90387719991,175412.02489024025,439333.0012508,1.0290009828,899.9950017868
MPLight-Run4-results-20260612_070927,mplight,4,12,6,25,0.5,/home/exx/Desktop/vtc2026/omnet_files/OMNeT_results/MPLight-Run4-results-20260612_070927/Slot12/stats.csv,776,867621,1343755,0.3543309606289837,867621,16419.785730178268,3218.0028588,63044.0015188,184570.8152404005,333710.0012508,22.0640009828,899.9980020548
MPLight-Run4-results-20260612_070927,mplight,4,13,1,0,1.0,/home/exx/Desktop/vtc2026/omnet_files/OMNeT_results/MPLight-Run4-results-20260612_070927/Slot13/stats.csv,840,2127639,2193379,0.029972020339394168,2127639,480.3913366676078,14.0025908,1001.0025908,4741.0053351199995,200924.0025908,1.0150009828,899.9990020548
MPLight-Run4-results-20260612_070927,mplight,4,14,2,5,1.0,/home/exx/Desktop/vtc2026/omnet_files/OMNeT_results/MPLight-Run4-results-20260612_070927/Slot14/stats.csv,839,2058902,2167131,0.04994114338265665,2058902,1127.060666119009,15.0052708,3824.007656,21251.03053248,304929.0028588,1.0150009828,899.9710025908
MPLight-Run4-results-20260612_070927,mplight,4,15,3,10,1.0,/home/exx/Desktop/vtc2026/omnet_files/OMNeT_results/MPLight-Run4-results-20260612_070927/Slot15/stats.csv,835,1887617,2087403,0.09571031564101418,1887617,3266.821412616413,34.0039308,12249.221350799955,63346.370695120335,297906.0009828,1.0150009828,899.9980036628
MPLight-Run4-results-20260612_070927,mplight,4,16,4,15,1.0,/home/exx/Desktop/vtc2026/omnet_files/OMNeT_results/MPLight-Run4-results-20260612_070927/Slot16/stats.csv,825,1671390,2063426,0.18999275961435014,1671390,10770.817932034615,668.0063428,55839.106302599626,184105.55759703935,366993.0015188,1.0290009828,899.9900052708
MPLight-Run4-results-20260612_070927,mplight,4,17,5,20,1.0,/home/exx/Desktop/vtc2026/omnet_files/OMNeT_results/MPLight-Run4-results-20260612_070927/Slot17/stats.csv,816,1239658,1758344,0.2949855090926463,1239658,10792.485186834852,1312.0009828,43128.155619199904,132108.2938182398,421455.0015188,1.0290009828,899.9970020548
MPLight-Run4-results-20260612_070927,mplight,4,18,6,25,1.0,/home/exx/Desktop/vtc2026/omnet_files/OMNeT_results/MPLight-Run4-results-20260612_070927/Slot18/stats.csv,787,780129,1217456,0.3592138032093152,780129,14001.153633202086,2954.0017868,55321.60125079998,120420.44182967994,486449.0009828,22.0640009828,899.9970050028
MPLight-Run4-results-20260612_070927,mplight,4,2,2,5,0.1,/home/exx/Desktop/vtc2026/omnet_files/OMNeT_results/MPLight-Run4-results-20260612_070927/Slot2/stats.csv,838,2208204,2308813,0.043576071340554634,2208204,1122.6361610933309,14.0025908,2809.0108988,22362.008058000003,203051.0267108,1.0150009828,899.9980095588
MPLight-Run4-results-20260612_070927,mplight,4,3,3,10,0.1,/home/exx/Desktop/vtc2026/omnet_files/OMNeT_results/MPLight-Run4-results-20260612_070927/Slot3/stats.csv,831,2037765,2218703,0.08155124863490071,2037765,3446.575200435674,18.0017868,12917.013418,75536.00905496,306444.0465428,1.0150009828,899.9970020548
MPLight-Run4-results-20260612_070927,mplight,4,4,4,15,0.1,/home/exx/Desktop/vtc2026/omnet_files/OMNeT_results/MPLight-Run4-results-20260612_070927/Slot4/stats.csv,822,1745776,2104826,0.1705841718032749,1745776,6424.371350962067,120.0020548,29989.007816799996,97821.7717528,321161.0012508,1.0290009828,899.9920044668
MPLight-Run4-results-20260612_070927,mplight,4,5,5,20,0.1,/home/exx/Desktop/vtc2026/omnet_files/OMNeT_results/MPLight-Run4-results-20260612_070927/Slot5/stats.csv,810,1358781,1903626,0.2862143089031144,1358781,10081.639579878747,1106.0090228,45961.0044668,99671.20339479996,349419.0012508,1.0290009828,899.9970020548
MPLight-Run4-results-20260612_070927,mplight,4,6,6,25,0.1,/home/exx/Desktop/vtc2026/omnet_files/OMNeT_results/MPLight-Run4-results-20260612_070927/Slot6/stats.csv,788,1021795,1646146,0.3792804526451481,1021795,16045.412478915436,4005.0090228,62565.30619671993,123000.00141160001,496968.0009828,22.0640009828,899.9960020548
MPLight-Run4-results-20260612_070927,mplight,4,7,1,0,0.5,/home/exx/Desktop/vtc2026/omnet_files/OMNeT_results/MPLight-Run4-results-20260612_070927/Slot7/stats.csv,840,2137415,2202754,0.029662413506002072,2137415,289.29032322818637,14.0025908,1011.0041988,4017.0109792,109226.0025908,1.0150009828,899.9940146508
MPLight-Run4-results-20260612_070927,mplight,4,8,2,5,0.5,/home/exx/Desktop/vtc2026/omnet_files/OMNeT_results/MPLight-Run4-results-20260612_070927/Slot8/stats.csv,836,2066291,2180393,0.05233093300152769,2066291,1419.3157742887188,15.0084868,4152.009156800001,29268.60363600056,291251.0028588,1.0150009828,899.9990170628
MPLight-Run4-results-20260612_070927,mplight,4,9,3,10,0.5,/home/exx/Desktop/vtc2026/omnet_files/OMNeT_results/MPLight-Run4-results-20260612_070927/Slot9/stats.csv,834,1915149,2133927,0.10252365708855082,1915149,4116.17918239426,48.0033948,15578.0086476,89100.04862616005,251917.0020548,1.0150009828,899.9960087548
MPLight-Run5-results-20260612_195738,mplight,5,1,1,0,0.1,/home/exx/Desktop/vtc2026/omnet_files/OMNeT_results/MPLight-Run5-results-20260612_195738/Slot1/stats.csv,840,2220252,2276707,0.024796778856480017,2220252,335.83191771845793,13.0119708,733.0111668,3650.016494639999,142019.0012508,1.0150009828,899.9990020548
MPLight-Run5-results-20260612_195738,mplight,5,10,4,15,0.5,/home/exx/Desktop/vtc2026/omnet_files/OMNeT_results/MPLight-Run5-results-20260612_195738/Slot10/stats.csv,826,1625791,2007862,0.19028747991644845,1625791,10488.853180179518,645.0015188,47650.5092908,184286.40277840037,584009.0012508,1.0240009828,899.9980111668
MPLight-Run5-results-20260612_195738,mplight,5,11,5,20,0.5,/home/exx/Desktop/vtc2026/omnet_files/OMNeT_results/MPLight-Run5-results-20260612_195738/Slot11/stats.csv,813,1264631,1803426,0.2987619120496211,1264631,12827.247659819768,1451.0033948,57604.0040648,174661.90344839968,386435.0012508,5.0340009828,899.9950114348
MPLight-Run5-results-20260612_195738,mplight,5,12,6,25,0.5,/home/exx/Desktop/vtc2026/omnet_files/OMNeT_results/MPLight-Run5-results-20260612_195738/Slot12/stats.csv,784,896714,1446741,0.38018346061941977,896714,16462.885870655336,3385.0158568,61500.35415859998,178719.48187791998,509023.0012508,21.0250009828,899.9860023228
MPLight-Run5-results-20260612_195738,mplight,5,13,1,0,1.0,/home/exx/Desktop/vtc2026/omnet_files/OMNeT_results/MPLight-Run5-results-20260612_195738/Slot13/stats.csv,839,2127678,2193390,0.02995910440003835,2127678,456.4234638788388,14.0023228,1018.011743,5245.00576124,219114.0095588,1.0150009828,899.9970141148
MPLight-Run5-results-20260612_195738,mplight,5,14,2,5,1.0,/home/exx/Desktop/vtc2026/omnet_files/OMNeT_results/MPLight-Run5-results-20260612_195738/Slot14/stats.csv,839,2059276,2174538,0.053005282041518664,2059276,1199.0100703170249,15.0068788,3913.0110328000005,23329.761166800003,208550.0017868,1.0150009828,899.9970108988
MPLight-Run5-results-20260612_195738,mplight,5,15,3,10,1.0,/home/exx/Desktop/vtc2026/omnet_files/OMNeT_results/MPLight-Run5-results-20260612_195738/Slot15/stats.csv,837,1936367,2148441,0.09871064646411054,1936367,5168.700442727626,51.0028588,19305.0212436,118595.75488664093,268526.0012508,1.0150009828,899.9940111668
MPLight-Run5-results-20260612_195738,mplight,5,16,4,15,1.0,/home/exx/Desktop/vtc2026/omnet_files/OMNeT_results/MPLight-Run5-results-20260612_195738/Slot16/stats.csv,825,1627126,2003624,0.18790850978027818,1627126,7968.024065020568,614.0058068,34430.011434800006,128479.7573478,310325.0009828,1.0240009828,899.9980015188
MPLight-Run5-results-20260612_195738,mplight,5,17,5,20,1.0,/home/exx/Desktop/vtc2026/omnet_files/OMNeT_results/MPLight-Run5-results-20260612_195738/Slot17/stats.csv,811,1263029,1800219,0.29840258324126123,1263029,15007.104523036436,1541.0044668,72160.0014652,215448.36473479963,501543.0009828,5.0340009828,899.9990025908
MPLight-Run5-results-20260612_195738,mplight,5,18,6,25,1.0,/home/exx/Desktop/vtc2026/omnet_files/OMNeT_results/MPLight-Run5-results-20260612_195738/Slot18/stats.csv,783,818964,1269829,0.35505961826356147,818964,16271.366461056417,3472.0060747999996,57545.70212179996,180359.40148931992,630408.0009828,21.0250009828,899.9910015188
MPLight-Run5-results-20260612_195738,mplight,5,2,2,5,0.1,/home/exx/Desktop/vtc2026/omnet_files/OMNeT_results/MPLight-Run5-results-20260612_195738/Slot2/stats.csv,838,2158342,2259778,0.044887595153152215,2158342,1453.7559698146151,14.0060748,3751.0055254,31974.601458919853,283805.0020548,1.0150009828,899.9830275148
MPLight-Run5-results-20260612_195738,mplight,5,3,3,10,0.1,/home/exx/Desktop/vtc2026/omnet_files/OMNeT_results/MPLight-Run5-results-20260612_195738/Slot3/stats.csv,833,1980818,2178526,0.09075310554016802,1980818,3454.1894374340195,23.0017868,13555.0123996,76387.85523412007,270002.0020548,1.0150009828,899.9940192068
MPLight-Run5-results-20260612_195738,mplight,5,4,4,15,0.1,/home/exx/Desktop/vtc2026/omnet_files/OMNeT_results/MPLight-Run5-results-20260612_195738/Slot4/stats.csv,830,1713874,2108547,0.18717771052767618,1713874,7865.57526951892,482.0023228,36814.011260600004,115767.27292312002,407864.0012508,1.0240009828,899.9980063428
MPLight-Run5-results-20260612_195738,mplight,5,5,5,20,0.1,/home/exx/Desktop/vtc2026/omnet_files/OMNeT_results/MPLight-Run5-results-20260612_195738/Slot5/stats.csv,811,1334560,1891067,0.2942820111608949,1334560,13227.777865482913,1463.0051368,54664.052805200045,181072.46928007947,538012.0009828,5.0340009828,899.9940058068
MPLight-Run5-results-20260612_195738,mplight,5,6,6,25,0.1,/home/exx/Desktop/vtc2026/omnet_files/OMNeT_results/MPLight-Run5-results-20260612_195738/Slot6/stats.csv,786,1015952,1625045,0.3748160820161903,1015952,20809.84526015633,5038.0009828,89805.0040916,205897.93647587992,334930.0017868,21.0250009828,899.9980023228
MPLight-Run5-results-20260612_195738,mplight,5,7,1,0,0.5,/home/exx/Desktop/vtc2026/omnet_files/OMNeT_results/MPLight-Run5-results-20260612_195738/Slot7/stats.csv,839,2129343,2194922,0.029877599295100254,2129343,633.109148882713,14.0023228,1024.010068,6234.00345376,248753.0012508,1.0150009828,899.9950031268
MPLight-Run5-results-20260612_195738,mplight,5,8,2,5,0.5,/home/exx/Desktop/vtc2026/omnet_files/OMNeT_results/MPLight-Run5-results-20260612_195738/Slot8/stats.csv,837,2075844,2185822,0.050314252487165034,2075844,1783.5843052794155,15.0192068,4753.0076828,40311.712282600194,271042.0012508,1.0150009828,899.9910009828
MPLight-Run5-results-20260612_195738,mplight,5,9,3,10,0.5,/home/exx/Desktop/vtc2026/omnet_files/OMNeT_results/MPLight-Run5-results-20260612_195738/Slot9/stats.csv,835,1925754,2148467,0.10366135481717897,1925754,5565.399855857364,47.0023228,18959.002161999997,130660.95253895994,445246.0012508,1.0150009828,899.9890012508
PressLight-Run1-results-20260606_195100,presslight,1,1,1,0,0.1,/home/exx/Desktop/vtc2026/omnet_files/OMNeT_results/PressLight-Run1-results-20260606_195100/Slot1/stats.csv,840,2474013,2529059,0.021765407608126175,2474013,1237.6795601883039,13.0103628,1035.016902,33315.766750159775,302015.0127748,1.0150009828,899.9980012508
PressLight-Run1-results-20260606_195100,presslight,1,10,4,15,0.5,/home/exx/Desktop/vtc2026/omnet_files/OMNeT_results/PressLight-Run1-results-20260606_195100/Slot10/stats.csv,822,1743292,2129622,0.18140778034787397,1743292,10968.048766972133,730.0100948,58003.0046812,166225.09495724007,326859.0009828,1.0300009828,899.9990025908
PressLight-Run1-results-20260606_195100,presslight,1,11,5,20,0.5,/home/exx/Desktop/vtc2026/omnet_files/OMNeT_results/PressLight-Run1-results-20260606_195100/Slot11/stats.csv,817,1302205,1851994,0.29686327277518176,1302205,12285.943897318877,1627.0033948,55785.403073200134,130748.96616055995,491138.0017868,4.0290009828,899.9940039308
PressLight-Run1-results-20260606_195100,presslight,1,12,6,25,0.5,/home/exx/Desktop/vtc2026/omnet_files/OMNeT_results/PressLight-Run1-results-20260606_195100/Slot12/stats.csv,779,985798,1578504,0.37548590310825947,985798,26503.7019174258,4726.0019208,140563.1525907999,323719.9959220409,649237.0009828,4.0950009828,899.9990009828
PressLight-Run1-results-20260606_195100,presslight,1,13,1,0,1.0,/home/exx/Desktop/vtc2026/omnet_files/OMNeT_results/PressLight-Run1-results-20260606_195100/Slot13/stats.csv,840,2279610,2346075,0.028330296346024797,2279610,642.7941639901969,14.0025908,1309.0070529999998,10495.92703600015,189976.0012508,1.0150009828,899.9900095588
PressLight-Run1-results-20260606_195100,presslight,1,14,2,5,1.0,/home/exx/Desktop/vtc2026/omnet_files/OMNeT_results/PressLight-Run1-results-20260606_195100/Slot14/stats.csv,837,2210243,2320301,0.04743263912742357,2210243,2739.726725524605,16.0009828,7918.011944,76370.74295528022,302541.0020548,1.0150009828,899.9990114348
PressLight-Run1-results-20260606_195100,presslight,1,15,3,10,1.0,/home/exx/Desktop/vtc2026/omnet_files/OMNeT_results/PressLight-Run1-results-20260606_195100/Slot15/stats.csv,836,1993950,2208313,0.09707093152102986,1993950,4878.638662609487,37.0041988,20948.006222199998,101960.512564,303192.0012508,1.0190009828,899.9760036628
PressLight-Run1-results-20260606_195100,presslight,1,16,4,15,1.0,/home/exx/Desktop/vtc2026/omnet_files/OMNeT_results/PressLight-Run1-results-20260606_195100/Slot16/stats.csv,826,1736835,2122633,0.18175445307785187,1736835,13880.509657771887,646.0031268,75222.30379679982,229419.00426312,512606.0017868,1.0300009828,899.9990131516
PressLight-Run1-results-20260606_195100,presslight,1,17,5,20,1.0,/home/exx/Desktop/vtc2026/omnet_files/OMNeT_results/PressLight-Run1-results-20260606_195100/Slot17/stats.csv,814,1238067,1754645,0.2944059909554354,1238067,32238.82666708692,2424.0020548,183906.50615519975,434737.04617664043,591721.0012508,4.0290009828,899.9990039308
PressLight-Run1-results-20260606_195100,presslight,1,18,6,25,1.0,/home/exx/Desktop/vtc2026/omnet_files/OMNeT_results/PressLight-Run1-results-20260606_195100/Slot18/stats.csv,772,883364,1312228,0.32682125362360814,883364,23980.179735047263,4251.0017868,112651.71053699995,294589.74358239997,604940.0020548,4.0950009828,899.9960031268
PressLight-Run1-results-20260606_195100,presslight,1,2,2,5,0.1,/home/exx/Desktop/vtc2026/omnet_files/OMNeT_results/PressLight-Run1-results-20260606_195100/Slot2/stats.csv,836,2370492,2468369,0.0396524992819145,2370492,4415.426208522889,14.0039308,15567.006449999997,126778.63806871895,423180.0068788,1.0150009828,899.9980167948
PressLight-Run1-results-20260606_195100,presslight,1,3,3,10,0.1,/home/exx/Desktop/vtc2026/omnet_files/OMNeT_results/PressLight-Run1-results-20260606_195100/Slot3/stats.csv,832,2100939,2286196,0.08103285982479191,2100939,6157.623068214074,19.0090228,28180.0105772,137542.86639103963,473708.0130428,1.0190009828,899.9990076828
PressLight-Run1-results-20260606_195100,presslight,1,4,4,15,0.1,/home/exx/Desktop/vtc2026/omnet_files/OMNeT_results/PressLight-Run1-results-20260606_195100/Slot4/stats.csv,813,1870069,2217375,0.15662934776481197,1870069,12071.593041113216,58.0009828,73012.61491879987,207432.65167064013,365702.0012508,1.0300009828,899.9960031268
PressLight-Run1-results-20260606_195100,presslight,1,5,5,20,0.1,/home/exx/Desktop/vtc2026/omnet_files/OMNeT_results/PressLight-Run1-results-20260606_195100/Slot5/stats.csv,813,1452215,1973672,0.2642065145576368,1452215,14587.888328719393,1108.0036628,73934.30210840005,174829.33054504122,461212.0015188,4.0290009828,899.9980082188
PressLight-Run1-results-20260606_195100,presslight,1,6,6,25,0.1,/home/exx/Desktop/vtc2026/omnet_files/OMNeT_results/PressLight-Run1-results-20260606_195100/Slot6/stats.csv,763,1205625,1772188,0.31969689446040717,1205625,27583.73987533501,6060.0060748,129006.81454360005,286035.1252064801,619012.0015188,4.0950009828,899.9980023228
PressLight-Run1-results-20260606_195100,presslight,1,7,1,0,0.5,/home/exx/Desktop/vtc2026/omnet_files/OMNeT_results/PressLight-Run1-results-20260606_195100/Slot7/stats.csv,839,2270281,2336973,0.028537770868555135,2270281,1022.6423150101826,14.0052708,1865.0084868,23013.60768280056,259256.0012508,1.0150009828,899.9940208148
PressLight-Run1-results-20260606_195100,presslight,1,8,2,5,0.5,/home/exx/Desktop/vtc2026/omnet_files/OMNeT_results/PressLight-Run1-results-20260606_195100/Slot8/stats.csv,837,2166994,2282449,0.05058382465500877,2166994,2307.322260928924,16.0012508,6337.0067046,56652.006986,293591.0130428,1.0150009828,899.9970058068
PressLight-Run1-results-20260606_195100,presslight,1,9,3,10,0.5,/home/exx/Desktop/vtc2026/omnet_files/OMNeT_results/PressLight-Run1-results-20260606_195100/Slot9/stats.csv,835,1998945,2226700,0.10228364844837656,1998945,5252.325201885426,40.0025908,22217.804413199814,109711.00739335999,304897.0012508,1.0190009828,899.9930087548
PressLight-Run2-results-20260608_193245,presslight,2,1,1,0,0.1,/home/exx/Desktop/vtc2026/omnet_files/OMNeT_results/PressLight-Run2-results-20260608_193245/Slot1/stats.csv,839,2399379,2464562,0.026448107209313454,2399379,2537.550660146261,13.0127748,1500.122235200091,92543.89409872082,344874.0031268,1.0150009828,899.9920090228
PressLight-Run2-results-20260608_193245,presslight,2,10,4,15,0.5,/home/exx/Desktop/vtc2026/omnet_files/OMNeT_results/PressLight-Run2-results-20260608_193245/Slot10/stats.csv,827,1715752,2106409,0.18546113314175927,1715752,12878.287678982922,705.0041988,71574.0100948,200955.49655183998,598439.0020548,1.0210009828,899.9770028588
PressLight-Run2-results-20260608_193245,presslight,2,11,5,20,0.5,/home/exx/Desktop/vtc2026/omnet_files/OMNeT_results/PressLight-Run2-results-20260608_193245/Slot11/stats.csv,814,1299909,1790776,0.2741085428886695,1299909,12573.516893286509,1347.0017868,56499.40200119944,167764.00295528,555743.0012508,3.0670009828,899.9950012508
PressLight-Run2-results-20260608_193245,presslight,2,12,6,25,0.5,/home/exx/Desktop/vtc2026/omnet_files/OMNeT_results/PressLight-Run2-results-20260608_193245/Slot12/stats.csv,777,1017019,1591458,0.3609514043097587,1017019,18735.658976023475,3640.0020548,80567.10628919996,189527.46593543986,462347.0015188,14.0640009828,899.9760023228
PressLight-Run2-results-20260608_193245,presslight,2,13,1,0,1.0,/home/exx/Desktop/vtc2026/omnet_files/OMNeT_results/PressLight-Run2-results-20260608_193245/Slot13/stats.csv,839,2261680,2326144,0.02771281571562212,2261680,904.2523221962018,14.0028588,1351.0099071999996,19421.844493599852,236941.0012508,1.0150009828,899.9990082188
PressLight-Run2-results-20260608_193245,presslight,2,14,2,5,1.0,/home/exx/Desktop/vtc2026/omnet_files/OMNeT_results/PressLight-Run2-results-20260608_193245/Slot14/stats.csv,839,2204335,2324420,0.05166235017767873,2204335,2470.8004512465964,16.0036628,7546.0088352,64142.324622240296,280026.0009828,1.0150009828,899.9980017868
PressLight-Run2-results-20260608_193245,presslight,2,15,3,10,1.0,/home/exx/Desktop/vtc2026/omnet_files/OMNeT_results/PressLight-Run2-results-20260608_193245/Slot15/stats.csv,834,1966806,2189559,0.10173418482899976,1966806,5349.78695900987,43.0041988,23080.7664598,99259.0263356,434105.0009828,1.0210009828,899.9990052708
PressLight-Run2-results-20260608_193245,presslight,2,16,4,15,1.0,/home/exx/Desktop/vtc2026/omnet_files/OMNeT_results/PressLight-Run2-results-20260608_193245/Slot16/stats.csv,825,1681256,2084686,0.19352075084689013,1681256,13025.099917171592,640.0017868,64544.0039978,244552.15606139967,578830.0012508,1.0210009828,899.9970063428
PressLight-Run2-results-20260608_193245,presslight,2,17,5,20,1.0,/home/exx/Desktop/vtc2026/omnet_files/OMNeT_results/PressLight-Run2-results-20260608_193245/Slot17/stats.csv,807,1296056,1848912,0.299016935365231,1296056,13115.783061073724,1566.0035288,54931.0035288,175247.8036225998,577869.0015188,3.0670009828,899.9860033948
PressLight-Run2-results-20260608_193245,presslight,2,18,6,25,1.0,/home/exx/Desktop/vtc2026/omnet_files/OMNeT_results/PressLight-Run2-results-20260608_193245/Slot18/stats.csv,766,987370,1511462,0.3467450719899011,987370,25340.420031407146,5055.0088888,116901.0027516,282042.9323227998,610017.0012508,14.0640009828,899.9790074148
PressLight-Run2-results-20260608_193245,presslight,2,2,2,5,0.1,/home/exx/Desktop/vtc2026/omnet_files/OMNeT_results/PressLight-Run2-results-20260608_193245/Slot2/stats.csv,838,2209315,2315290,0.0457718039640822,2209315,3909.4437570765795,14.0084868,7719.0066644,130555.58292311963,369901.0167948,1.0150009828,899.9980015188
PressLight-Run2-results-20260608_193245,presslight,2,3,3,10,0.1,/home/exx/Desktop/vtc2026/omnet_files/OMNeT_results/PressLight-Run2-results-20260608_193245/Slot3/stats.csv,833,2130594,2325879,0.08396180540776199,2130594,9985.304342922596,26.0031268,65151.0132438,186875.00679304003,344092.0012508,1.0210009828,899.9990135788
PressLight-Run2-results-20260608_193245,presslight,2,4,4,15,0.1,/home/exx/Desktop/vtc2026/omnet_files/OMNeT_results/PressLight-Run2-results-20260608_193245/Slot4/stats.csv,814,1823325,2155047,0.15392796537616116,1823325,23662.83863928279,316.0031268,152961.0027516,372281.3224085601,735840.0015188,1.0210009828,899.9950189388
PressLight-Run2-results-20260608_193245,presslight,2,5,5,20,0.1,/home/exx/Desktop/vtc2026/omnet_files/OMNeT_results/PressLight-Run2-results-20260608_193245/Slot5/stats.csv,805,1526974,2055924,0.25728091116208573,1526974,28167.608870343884,2598.0023228,162031.0088352,266924.543033,394999.0020548,3.0670009828,899.9920087548
PressLight-Run2-results-20260608_193245,presslight,2,6,6,25,0.1,/home/exx/Desktop/vtc2026/omnet_files/OMNeT_results/PressLight-Run2-results-20260608_193245/Slot6/stats.csv,737,1086009,1547597,0.2982611106121297,1086009,35661.52990806975,4866.0015188,199666.0078972,332129.7689155998,630027.0012508,14.0640009828,899.9930060748
PressLight-Run2-results-20260608_193245,presslight,2,7,1,0,0.5,/home/exx/Desktop/vtc2026/omnet_files/OMNeT_results/PressLight-Run2-results-20260608_193245/Slot7/stats.csv,840,2260828,2323319,0.026897296496951162,2260828,751.670841141277,14.0025908,1310.007321,16245.469033519963,282755.0012508,1.0150009828,899.9950017868
PressLight-Run2-results-20260608_193245,presslight,2,8,2,5,0.5,/home/exx/Desktop/vtc2026/omnet_files/OMNeT_results/PressLight-Run2-results-20260608_193245/Slot8/stats.csv,839,2189194,2304054,0.04985126216659852,2189194,2225.014529039669,15.0023228,5552.017732799999,61067.074217559835,297226.0015188,1.0150009828,899.9950025908
PressLight-Run2-results-20260608_193245,presslight,2,9,3,10,0.5,/home/exx/Desktop/vtc2026/omnet_files/OMNeT_results/PressLight-Run2-results-20260608_193245/Slot9/stats.csv,834,2002901,2226190,0.1003009626312219,2002901,5939.466610958824,38.0017868,27625.0041988,118427.0012508,391317.0015188,1.0210009828,899.9940041988
PressLight-Run3-results-20260609_111539,presslight,3,1,1,0,0.1,/home/exx/Desktop/vtc2026/omnet_files/OMNeT_results/PressLight-Run3-results-20260609_111539/Slot1/stats.csv,840,2386824,2445464,0.023979089448873503,2386824,1271.7631255363776,13.0106308,998.0058068000001,31893.632876640113,299616.0017868,1.0170009828,899.9960175988
PressLight-Run3-results-20260609_111539,presslight,3,10,4,15,0.5,/home/exx/Desktop/vtc2026/omnet_files/OMNeT_results/PressLight-Run3-results-20260609_111539/Slot10/stats.csv,826,1736997,2136707,0.18706823162932495,1736997,10772.536663605997,626.0084868,60954.601304399854,155782.2863320803,447315.0017868,1.0230009828,899.9890130428
PressLight-Run3-results-20260609_111539,presslight,3,11,5,20,0.5,/home/exx/Desktop/vtc2026/omnet_files/OMNeT_results/PressLight-Run3-results-20260609_111539/Slot11/stats.csv,813,1231587,1739942,0.29216778490317497,1231587,12599.988475336639,1555.0020548,56169.406181999904,144342.1427998399,597226.0017868,5.0290009828,899.9980020548
PressLight-Run3-results-20260609_111539,presslight,3,12,6,25,0.5,/home/exx/Desktop/vtc2026/omnet_files/OMNeT_results/PressLight-Run3-results-20260609_111539/Slot12/stats.csv,780,926988,1427910,0.3508078240225224,926988,20614.273947548092,3950.0027247999997,73002.0032742,281051.6427516001,627025.0012508,25.0110009828,899.9630015188
PressLight-Run3-results-20260609_111539,presslight,3,13,1,0,1.0,/home/exx/Desktop/vtc2026/omnet_files/OMNeT_results/PressLight-Run3-results-20260609_111539/Slot13/stats.csv,840,2290798,2358497,0.028704297694675862,2290798,775.5581013274794,14.0044668,1738.008259,13809.010011719998,239318.0031268,1.0170009828,899.9610114348
PressLight-Run3-results-20260609_111539,presslight,3,14,2,5,1.0,/home/exx/Desktop/vtc2026/omnet_files/OMNeT_results/PressLight-Run3-results-20260609_111539/Slot14/stats.csv,839,2188779,2312192,0.0533748927424712,2188779,2623.1169788493685,17.0012508,7687.005646,65036.23258720021,294037.0009828,1.0230009828,899.9850039308
PressLight-Run3-results-20260609_111539,presslight,3,15,3,10,1.0,/home/exx/Desktop/vtc2026/omnet_files/OMNeT_results/PressLight-Run3-results-20260609_111539/Slot15/stats.csv,837,2019393,2254220,0.10417217485427333,2019393,8712.362067876076,65.0066108,51952.411970799905,164241.00665367997,373699.0009828,1.0230009828,899.9990009828
PressLight-Run3-results-20260609_111539,presslight,3,16,4,15,1.0,/home/exx/Desktop/vtc2026/omnet_files/OMNeT_results/PressLight-Run3-results-20260609_111539/Slot16/stats.csv,821,1686599,2050313,0.17739437832174887,1686599,10538.602878508838,526.0028588,48803.10406479986,191966.07837600005,478277.0009828,1.0230009828,899.9990020548
PressLight-Run3-results-20260609_111539,presslight,3,17,5,20,1.0,/home/exx/Desktop/vtc2026/omnet_files/OMNeT_results/PressLight-Run3-results-20260609_111539/Slot17/stats.csv,810,1322407,1854649,0.2869772123997587,1322407,12233.049128538882,1455.0028588,52863.002564,149771.0093444,475393.0023228,5.0290009828,899.9830033948
PressLight-Run3-results-20260609_111539,presslight,3,18,6,25,1.0,/home/exx/Desktop/vtc2026/omnet_files/OMNeT_results/PressLight-Run3-results-20260609_111539/Slot18/stats.csv,773,980173,1543503,0.3649685164201171,980173,16298.683390229557,3425.0031268,65764.80318039982,161621.00266583997,548040.0015188,25.0110009828,899.9950009828
PressLight-Run3-results-20260609_111539,presslight,3,2,2,5,0.1,/home/exx/Desktop/vtc2026/omnet_files/OMNeT_results/PressLight-Run3-results-20260609_111539/Slot2/stats.csv,839,2240323,2345176,0.044710077196764786,2240323,2194.739781618825,14.0063428,5235.0159908,58814.5695534396,317469.0012508,1.0230009828,899.9970060748
PressLight-Run3-results-20260609_111539,presslight,3,3,3,10,0.1,/home/exx/Desktop/vtc2026/omnet_files/OMNeT_results/PressLight-Run3-results-20260609_111539/Slot3/stats.csv,830,2105937,2303718,0.0858529559607556,2105937,9972.335468917025,20.0044668,53899.402161999904,237339.00482056,511805.0012508,1.0230009828,899.9970151868
PressLight-Run3-results-20260609_111539,presslight,3,4,4,15,0.1,/home/exx/Desktop/vtc2026/omnet_files/OMNeT_results/PressLight-Run3-results-20260609_111539/Slot4/stats.csv,827,1830585,2240755,0.18304990951710476,1830585,10422.822732776936,395.0092908,55839.804252399816,155348.33171351984,397006.0017868,1.0230009828,899.9980025908
PressLight-Run3-results-20260609_111539,presslight,3,5,5,20,0.1,/home/exx/Desktop/vtc2026/omnet_files/OMNeT_results/PressLight-Run3-results-20260609_111539/Slot5/stats.csv,812,1518696,2074422,0.2678943821459664,1518696,19721.441313959866,2170.0017868,102599.2615018,204892.18984280012,405534.0028588,5.0290009828,899.9930017868
PressLight-Run3-results-20260609_111539,presslight,3,6,6,25,0.1,/home/exx/Desktop/vtc2026/omnet_files/OMNeT_results/PressLight-Run3-results-20260609_111539/Slot6/stats.csv,725,1085353,1643451,0.3395890720197925,1085353,33205.922236530234,5443.0036628,171165.62204759964,314141.96266583994,606004.0009828,25.0110009828,899.9860009828
PressLight-Run3-results-20260609_111539,presslight,3,7,1,0,0.5,/home/exx/Desktop/vtc2026/omnet_files/OMNeT_results/PressLight-Run3-results-20260609_111539/Slot7/stats.csv,840,2248673,2316511,0.029284557681789503,2248673,901.3909834322193,14.0036628,1577.0020012,18765.005645999998,294588.0012508,1.0170009828,899.9680192068
PressLight-Run3-results-20260609_111539,presslight,3,8,2,5,0.5,/home/exx/Desktop/vtc2026/omnet_files/OMNeT_results/PressLight-Run3-results-20260609_111539/Slot8/stats.csv,840,2201533,2311189,0.04744570868068343,2201533,2802.130977993234,15.0162588,7637.008057999999,79039.68368424017,295236.0012508,1.0230009828,899.9900017868
PressLight-Run3-results-20260609_111539,presslight,3,9,3,10,0.5,/home/exx/Desktop/vtc2026/omnet_files/OMNeT_results/PressLight-Run3-results-20260609_111539/Slot9/stats.csv,836,2018669,2252078,0.1036416145444341,2018669,6770.246965810746,54.0028588,33205.61438279986,137161.9232232804,474824.0012508,1.0230009828,899.9970066108
PressLight-Run4-results-20260613_081457,presslight,4,1,1,0,0.1,/home/exx/Desktop/vtc2026/omnet_files/OMNeT_results/PressLight-Run4-results-20260613_081457/Slot1/stats.csv,840,2291299,2357046,0.027893812848794663,2291299,926.2163690065901,14.0025908,1622.0079776,22823.001256159998,208028.0020548,1.0150009828,899.9980015188
PressLight-Run4-results-20260613_081457,presslight,4,10,4,15,0.5,/home/exx/Desktop/vtc2026/omnet_files/OMNeT_results/PressLight-Run4-results-20260613_081457/Slot10/stats.csv,826,1774967,2178496,0.18523283953700165,1774967,12721.49464512352,806.0074148,71829.70275159995,187659.68862080018,409967.0017868,1.0240009828,899.9940058068
PressLight-Run4-results-20260613_081457,presslight,4,11,5,20,0.5,/home/exx/Desktop/vtc2026/omnet_files/OMNeT_results/PressLight-Run4-results-20260613_081457/Slot11/stats.csv,810,1332590,1882487,0.2921119774001095,1332590,22669.47187899923,2646.0099608,133733.1071334001,255337.00223167997,651131.0020548,5.0340009828,899.9820058068
PressLight-Run4-results-20260613_081457,presslight,4,12,6,25,0.5,/home/exx/Desktop/vtc2026/omnet_files/OMNeT_results/PressLight-Run4-results-20260613_081457/Slot12/stats.csv,781,1065937,1585609,0.32774284202473625,1065937,40778.148568122146,10132.0009828,219285.8047347998,361107.1354226392,551748.0017868,21.0250009828,899.9730009828
PressLight-Run4-results-20260613_081457,presslight,4,13,1,0,1.0,/home/exx/Desktop/vtc2026/omnet_files/OMNeT_results/PressLight-Run4-results-20260613_081457/Slot13/stats.csv,840,2280896,2338324,0.02455947080045362,2280896,865.8451234956603,14.0020548,1403.0012508,17327.05299279981,298045.0012508,1.0150009828,899.9900076828
PressLight-Run4-results-20260613_081457,presslight,4,14,2,5,1.0,/home/exx/Desktop/vtc2026/omnet_files/OMNeT_results/PressLight-Run4-results-20260613_081457/Slot14/stats.csv,838,2214858,2329301,0.049131906954060445,2214858,2608.541501586202,15.0039308,5964.0093042,77316.01025292001,295255.0052708,1.0150009828,899.9890092908
PressLight-Run4-results-20260613_081457,presslight,4,15,3,10,1.0,/home/exx/Desktop/vtc2026/omnet_files/OMNeT_results/PressLight-Run4-results-20260613_081457/Slot15/stats.csv,835,2012158,2239729,0.10160648899933877,2012158,4366.186713821662,30.0033948,18056.0029392,88707.43564331994,339109.0017868,1.0150009828,899.9970066108
PressLight-Run4-results-20260613_081457,presslight,4,16,4,15,1.0,/home/exx/Desktop/vtc2026/omnet_files/OMNeT_results/PressLight-Run4-results-20260613_081457/Slot16/stats.csv,829,1714938,2090061,0.17947945059976722,1714938,8679.71304179993,409.0082188,38445.15350199991,144017.16031723944,536208.0009828,1.0240009828,899.9970133108
PressLight-Run4-results-20260613_081457,presslight,4,17,5,20,1.0,/home/exx/Desktop/vtc2026/omnet_files/OMNeT_results/PressLight-Run4-results-20260613_081457/Slot17/stats.csv,815,1337571,1848946,0.276576492769394,1337571,12393.247930753463,1166.0009828,56652.0017868,159902.20318040065,392249.0012508,5.0340009828,899.9980009828
PressLight-Run4-results-20260613_081457,presslight,4,18,6,25,1.0,/home/exx/Desktop/vtc2026/omnet_files/OMNeT_results/PressLight-Run4-results-20260613_081457/Slot18/stats.csv,769,1011674,1550453,0.3474977958054839,1011674,18891.587262076053,4527.0025908,77238.0010766,184122.13784360036,383348.0009828,21.0250009828,899.9940066108
PressLight-Run4-results-20260613_081457,presslight,4,2,2,5,0.1,/home/exx/Desktop/vtc2026/omnet_files/OMNeT_results/PressLight-Run4-results-20260613_081457/Slot2/stats.csv,838,2210104,2333255,0.05278077192591468,2210104,2054.7476063384006,15.0066108,6231.014181799999,52659.01197348,257914.0015188,1.0150009828,899.9890087548
PressLight-Run4-results-20260613_081457,presslight,4,3,3,10,0.1,/home/exx/Desktop/vtc2026/omnet_files/OMNeT_results/PressLight-Run4-results-20260613_081457/Slot3/stats.csv,832,2092473,2312137,0.09500475101605144,2092473,7488.896379921588,34.0068788,37730.41293559991,167764.25185288023,329601.0017868,1.0150009828,899.9990052708
PressLight-Run4-results-20260613_081457,presslight,4,4,4,15,0.1,/home/exx/Desktop/vtc2026/omnet_files/OMNeT_results/PressLight-Run4-results-20260613_081457/Slot4/stats.csv,823,1742081,2143570,0.18729922512444197,1742081,12191.494647153388,614.0036628,68193.0125068,190839.00564599998,383268.0012508,1.0240009828,899.9990052708
PressLight-Run4-results-20260613_081457,presslight,4,5,5,20,0.1,/home/exx/Desktop/vtc2026/omnet_files/OMNeT_results/PressLight-Run4-results-20260613_081457/Slot5/stats.csv,806,1413981,1948828,0.2744454615799855,1413981,14365.403716908417,1239.0015188,72689.0165268,165842.00544184,475400.0009828,5.0340009828,899.9990237628
PressLight-Run4-results-20260613_081457,presslight,4,6,6,25,0.1,/home/exx/Desktop/vtc2026/omnet_files/OMNeT_results/PressLight-Run4-results-20260613_081457/Slot6/stats.csv,766,1036846,1666485,0.3778245828795339,1036846,17951.50342670546,4545.0015188,74266.75801779999,138755.55434620002,569601.0009828,21.0250009828,899.9950012508
PressLight-Run4-results-20260613_081457,presslight,4,7,1,0,0.5,/home/exx/Desktop/vtc2026/omnet_files/OMNeT_results/PressLight-Run4-results-20260613_081457/Slot7/stats.csv,839,2252807,2317144,0.027765645984884846,2252807,1775.827590140875,14.0028588,1627.0156424,56436.763292959775,395005.0122388,1.0150009828,899.9990028588
PressLight-Run4-results-20260613_081457,presslight,4,8,2,5,0.5,/home/exx/Desktop/vtc2026/omnet_files/OMNeT_results/PressLight-Run4-results-20260613_081457/Slot8/stats.csv,836,2179108,2304968,0.054603794933378635,2179108,3114.0109661260776,16.0033948,8832.009585599999,85468.00896651999,375222.0012508,1.0150009828,899.9970036628
PressLight-Run4-results-20260613_081457,presslight,4,9,3,10,0.5,/home/exx/Desktop/vtc2026/omnet_files/OMNeT_results/PressLight-Run4-results-20260613_081457/Slot9/stats.csv,835,2018848,2244741,0.10063209964980369,2018848,6167.742603432322,60.0020548,32057.0041586,109781.53356900002,457897.0017868,1.0150009828,899.9780009828
PressLight-Run5-results-20260613_215128,presslight,5,1,1,0,0.1,/home/exx/Desktop/vtc2026/omnet_files/OMNeT_results/PressLight-Run5-results-20260613_215128/Slot1/stats.csv,838,2349904,2414965,0.026940763116649724,2349904,688.1721697314107,14.0020548,1135.0089825999999,11148.958405480413,271329.0012508,1.0150009828,899.9920151868
PressLight-Run5-results-20260613_215128,presslight,5,10,4,15,0.5,/home/exx/Desktop/vtc2026/omnet_files/OMNeT_results/PressLight-Run5-results-20260613_215128/Slot10/stats.csv,825,1696795,2106857,0.19463209890372246,1696795,10472.256912866078,592.0028588,49278.0110596,185676.06223168006,406441.0036628,1.0290009828,899.9950017868
PressLight-Run5-results-20260613_215128,presslight,5,11,5,20,0.5,/home/exx/Desktop/vtc2026/omnet_files/OMNeT_results/PressLight-Run5-results-20260613_215128/Slot11/stats.csv,811,1303625,1833439,0.28897279920411856,1303625,15023.724984919454,1494.0055388,61477.007254,233521.05584072002,611826.0017868,1.0290009828,899.9850039308
PressLight-Run5-results-20260613_215128,presslight,5,12,6,25,0.5,/home/exx/Desktop/vtc2026/omnet_files/OMNeT_results/PressLight-Run5-results-20260613_215128/Slot12/stats.csv,771,955982,1519387,0.37081072827396844,955982,15002.927824679819,3207.0066108,56718.951384799955,154898.3854503599,579343.0009828,22.0640009828,899.9610017868
PressLight-Run5-results-20260613_215128,presslight,5,13,1,0,1.0,/home/exx/Desktop/vtc2026/omnet_files/OMNeT_results/PressLight-Run5-results-20260613_215128/Slot13/stats.csv,838,2256287,2315482,0.025564871590450733,2256287,756.5362164595255,14.0025908,1244.0068788,12953.29724504026,299003.0012508,1.0150009828,899.9780028588
PressLight-Run5-results-20260613_215128,presslight,5,14,2,5,1.0,/home/exx/Desktop/vtc2026/omnet_files/OMNeT_results/PressLight-Run5-results-20260613_215128/Slot14/stats.csv,839,2164678,2284028,0.05225417551798839,2164678,2790.6608141551296,16.0050028,7971.1735751999095,73711.46199047996,295586.0221548,1.0150009828,899.9960076828
PressLight-Run5-results-20260613_215128,presslight,5,15,3,10,1.0,/home/exx/Desktop/vtc2026/omnet_files/OMNeT_results/PressLight-Run5-results-20260613_215128/Slot15/stats.csv,833,2002220,2231183,0.10261955204929407,2002220,7492.829593884343,48.0012508,38605.10407819962,154572.82276140005,393805.0012508,1.0150009828,899.9860050028
PressLight-Run5-results-20260613_215128,presslight,5,16,4,15,1.0,/home/exx/Desktop/vtc2026/omnet_files/OMNeT_results/PressLight-Run5-results-20260613_215128/Slot16/stats.csv,824,1661521,2030539,0.18173401249618948,1661521,9734.174792779391,476.0017868,45282.0020548,160450.60280520032,536850.0020548,1.0290009828,899.9830299268
PressLight-Run5-results-20260613_215128,presslight,5,17,5,20,1.0,/home/exx/Desktop/vtc2026/omnet_files/OMNeT_results/PressLight-Run5-results-20260613_215128/Slot17/stats.csv,812,1356414,1836979,0.2616061479200361,1356414,25386.032415012156,1955.0020548,159179.35504299987,324116.74416127976,664492.0009828,1.0290009828,899.9980036628
PressLight-Run5-results-20260613_215128,presslight,5,18,6,25,1.0,/home/exx/Desktop/vtc2026/omnet_files/OMNeT_results/PressLight-Run5-results-20260613_215128/Slot18/stats.csv,773,914330,1365848,0.3305770481049136,914330,22382.326402699113,3637.0047348,90816.55166619993,309389.2325291595,521020.0015188,22.0640009828,899.9920039308
PressLight-Run5-results-20260613_215128,presslight,5,2,2,5,0.1,/home/exx/Desktop/vtc2026/omnet_files/OMNeT_results/PressLight-Run5-results-20260613_215128/Slot2/stats.csv,838,2323378,2440712,0.04807367686150599,2323378,3319.7529243765216,14.0114348,8324.010939,94536.38805531988,321425.0023228,1.0150009828,899.9980213508
PressLight-Run5-results-20260613_215128,presslight,5,3,3,10,0.1,/home/exx/Desktop/vtc2026/omnet_files/OMNeT_results/PressLight-Run5-results-20260613_215128/Slot3/stats.csv,832,2111307,2349728,0.10146748900298252,2111307,7783.206901332198,30.0015188,43241.0017332,156435.01573352,315813.0012508,1.0150009828,899.9940017868
PressLight-Run5-results-20260613_215128,presslight,5,4,4,15,0.1,/home/exx/Desktop/vtc2026/omnet_files/OMNeT_results/PressLight-Run5-results-20260613_215128/Slot4/stats.csv,824,1740718,2133518,0.18410906305922892,1740718,9663.873475704058,499.0036628,49105.30466779981,144103.15681716037,468979.0012508,1.0290009828,899.9920087548
PressLight-Run5-results-20260613_215128,presslight,5,5,5,20,0.1,/home/exx/Desktop/vtc2026/omnet_files/OMNeT_results/PressLight-Run5-results-20260613_215128/Slot5/stats.csv,813,1393603,1983705,0.2974746749138607,1393603,20040.23938634676,2011.0165268,97562.80162599983,292234.988326,611011.0009828,1.0290009828,899.9990047348
PressLight-Run5-results-20260613_215128,presslight,5,6,6,25,0.1,/home/exx/Desktop/vtc2026/omnet_files/OMNeT_results/PressLight-Run5-results-20260613_215128/Slot6/stats.csv,780,1000425,1676146,0.4031397026273368,1000425,17953.285651743226,4831.0025908,75234.80205479993,140277.6017117601,362482.0012508,22.0640009828,899.9950044668
PressLight-Run5-results-20260613_215128,presslight,5,7,1,0,0.5,/home/exx/Desktop/vtc2026/omnet_files/OMNeT_results/PressLight-Run5-results-20260613_215128/Slot7/stats.csv,840,2243316,2303886,0.026290363325268684,2243316,919.9548665702433,14.0023228,1229.0060748,13828.010014399999,285506.0012508,1.0150009828,899.9960173308
PressLight-Run5-results-20260613_215128,presslight,5,8,2,5,0.5,/home/exx/Desktop/vtc2026/omnet_files/OMNeT_results/PressLight-Run5-results-20260613_215128/Slot8/stats.csv,837,2164035,2282418,0.05186736171901907,2164035,1919.0555237044134,15.0087548,5624.0036359999995,49983.26617664164,288688.0012508,1.0150009828,899.9990106308
PressLight-Run5-results-20260613_215128,presslight,5,9,3,10,0.5,/home/exx/Desktop/vtc2026/omnet_files/OMNeT_results/PressLight-Run5-results-20260613_215128/Slot9/stats.csv,833,1967598,2183008,0.09867577214558998,1967598,5362.039102892548,33.0012508,20766.002537200002,124729.45622220042,480257.0009828,1.0150009828,899.9820050028
